customer_id,customer_name,email,registration_date,customer_type
1,Nicholas Miller,middletonrachel@example.com,2026-02-03 03:35:00,VIP
2,Melissa Davis,willisvincent@example.com,2024-09-02 09:25:22,VIP
3,Kayla Bautista,heather40@example.net,2020-06-30 08:22:19,VIP
4,Ann Hawkins,beancathy@example.org,2023-07-09 05:14:23,PREMIUM
5,Kenneth Murphy,kaitlinhubbard@example.org,2022-03-20 12:54:05,REGULAR
6,Jasmine Wheeler,xpierce@example.com,2022-06-10 10:19:29,VIP
7,Charles Robles,usantos@example.net,2021-03-14 23:48:02,PREMIUM
8,Russell Jacobs,franciscomorris@example.net,2022-09-27 03:14:28,REGULAR
9,Robert Davis,elizabeth59@example.org,2026-01-17 05:25:28,PREMIUM
11,Anna Miller,sarah69@example.com,2021-06-12 22:30:32,VIP
12,Joseph Ramos,baileyfisher@example.org,2023-02-27 01:57:40,VIP
13,Elizabeth Lambert,rogersvicki@example.net,2025-02-22 09:12:13,REGULAR
14,Bianca Cole,sandovalemily@example.com,2020-11-15 00:18:01,PREMIUM
15,James Smith,thayes@example.net,2024-05-15 22:40:56,REGULAR
16,Miguel Maxwell,zyoung@example.org,2020-03-08 00:52:40,PREMIUM
17,Luis White,masonjoseph@example.com,2024-05-22 19:45:11,PREMIUM
18,Brandy Gonzales,michellethornton@example.org,2023-05-13 14:44:24,PREMIUM
19,Sarah Turner,mullenrobert@example.org,2026-01-11 09:59:39,REGULAR
20,Darlene Weaver,danny47@example.com,2026-08-06 11:53:59,REGULAR
21,Scott Carpenter,helenzhang@example.org,2024-09-15 17:15:53,REGULAR
22,Jason Chandler,kelly23@example.net,2025-01-29 00:20:59,VIP
23,Kelsey Graves,osanders@example.net,2024-08-24 09:30:41,REGULAR
24,Laura Barrett,danieljensen@example.org,2021-10-29 09:32:06,VIP
25,Sarah Molina,josephjohns@example.net,2022-05-08 18:23:29,REGULAR
26,Abigail Cain,april80@example.com,2021-08-24 16:11:06,VIP
27,Jesse Lucas,amurphy@example.com,2020-12-27 23:39:51,REGULAR
28,Paul Thomas,wagnernatalie@example.com,2020-01-10 22:10:43,REGULAR
29,Monique Weber,crobinson@example.net,2022-05-11 07:49:30,PREMIUM
30,Cheryl Raymond,feliciapatterson@example.org,2023-03-06 19:14:04,REGULAR
31,Amy Baldwin,bobby00@example.net,2020-05-31 23:31:25,PREMIUM
32,Randall Fleming,michaelbutler@example.net,2024-07-27 04:58:22,REGULAR
33,Rick Simmons,juareznicole@example.org,2023-01-03 20:21:12,PREMIUM
34,Curtis Romero,mking@example.com,2023-07-15 05:10:46,VIP
35,Shawn Palmer,jason08@example.net,2022-10-12 09:25:58,REGULAR
36,Ryan Richards,jbowman@example.net,2022-11-24 11:56:29,PREMIUM
37,Eric Miller,drodriguez@example.net,2024-06-23 03:37:03,VIP
38,Emily Gaines,jarmstrong@example.com,2021-07-02 05:33:25,VIP
39,Tammy Meyer,qgomez@example.com,2022-12-20 21:56:21,REGULAR
40,Shelia Donovan,ghorton@example.net,2022-02-23 19:27:40,REGULAR
41,Elizabeth Montoya,megan30@example.net,2025-08-27 10:28:06,PREMIUM
42,Christopher Moore,ftran@example.org,2021-01-08 23:45:32,REGULAR
43,Russell Brewer,john21@example.org,2020-07-19 18:56:16,PREMIUM
44,Alexa Martin,clairevillegas@example.net,2025-03-12 00:13:18,REGULAR
45,Tricia White,steven14@example.org,2021-11-24 19:38:48,VIP
46,Lisa Garza,donald63@example.com,2023-08-05 03:05:51,PREMIUM
47,Christina Burgess,gonzalezjoshua@example.org,2024-09-24 22:31:24,VIP
48,Kaitlin Clark,ibarnett@example.net,2026-07-11 16:46:15,REGULAR
49,David Pope,eowen@example.net,2022-01-18 21:38:25,PREMIUM
50,Nancy Roy,ariley@example.net,2024-05-21 09:47:50,REGULAR
51,Christopher Mcmahon,cstevens@example.org,2023-12-26 17:35:11,REGULAR
52,Shawn Lee,xperez@example.org,2021-02-02 23:38:39,REGULAR
53,Andrea Petersen,adrianortiz@example.org,2024-06-11 08:49:12,PREMIUM
54,Jay Burch,gmiller@example.org,2026-07-19 21:59:13,PREMIUM
55,Bonnie Heath,kevinmoyer@example.net,2024-05-26 15:53:54,PREMIUM
56,Stephanie Fuentes,kelly86@example.org,2026-01-30 16:29:56,VIP
57,Katherine Berg,butlerjames@example.org,2020-11-14 06:02:49,VIP
58,Jennifer Bauer,mlogan@example.org,2022-03-12 02:07:03,VIP
59,Melissa Lang,padkins@example.net,2025-03-16 19:23:23,VIP
60,Elizabeth Crosby,antoniohall@example.org,2024-12-30 14:33:54,VIP
61,Amanda Miller,juarezrebecca@example.com,2023-08-07 15:26:54,PREMIUM
62,Holly Hoover,jamesmontgomery@example.net,2023-10-02 20:08:31,VIP
63,Robert Rios,louisberry@example.com,2025-09-15 22:22:04,VIP
64,Mark Jackson,sbailey@example.com,2023-05-03 13:45:02,PREMIUM
65,Amanda Montgomery,gregorywilliams@example.org,2026-05-05 11:52:24,PREMIUM
66,Amanda Lopez,carrollrichard@example.com,2026-03-14 21:59:43,VIP
68,Martha Vasquez,barrypitts@example.org,2022-12-23 01:13:54,PREMIUM
69,William Graves,cgutierrez@example.org,2024-09-22 20:39:11,PREMIUM
70,Jody Garcia,dunnsarah@example.org,2020-01-05 01:55:24,REGULAR
71,Francisco Collins,ashleythornton@example.com,2021-04-30 09:04:58,VIP
72,Tammy Flores,toddmcdonald@example.org,2022-04-22 19:04:23,VIP
73,Melissa Humphrey,charleshowell@example.org,2023-02-17 19:46:36,VIP
74,Janice Boyer,cooperamanda@example.com,2026-04-04 13:32:57,VIP
75,Thomas Stanley,xdunn@example.net,2021-05-09 03:04:08,VIP
76,Jason Cobb,tiffanydennis@example.com,2022-07-07 01:21:14,PREMIUM
77,Janet Christensen,tonya33@example.com,2022-03-19 18:45:09,VIP
78,Brent Yang,kennethlewis@example.org,2020-05-26 20:25:43,REGULAR
79,Deborah Murray,martin05@example.net,2022-08-22 21:20:41,VIP
80,Regina Scott,mejiablake@example.net,2023-07-02 10:11:53,VIP
81,Renee Williams,hansensharon@example.net,2024-10-27 13:47:50,PREMIUM
82,Ashley Scott,jane04@example.com,2022-06-07 16:32:33,PREMIUM
83,John Davis,chenpatrick@example.com,2024-12-20 20:20:27,PREMIUM
84,Teresa Perry,thomas52@example.net,2022-11-01 08:37:09,REGULAR
85,Sherry Flores,cantuterry@example.net,2024-12-02 10:22:39,VIP
86,Amy House,tracy96@example.com,2026-01-30 14:23:12,VIP
87,Christopher Skinner,jonesheather@example.com,2026-03-18 01:05:57,VIP
88,Rickey Clements,cmoss@example.org,2025-12-23 14:31:05,VIP
89,Marcus Valencia DVM,beverly39@example.com,2024-01-24 08:25:41,REGULAR
90,Stephanie Galvan,brandon99@example.com,2024-11-26 21:43:24,REGULAR
91,William Jackson,jamie04@example.org,2023-06-21 12:42:13,VIP
92,Jennifer Jones,mooreandrew@example.net,2022-10-28 11:40:53,PREMIUM
93,Mrs. Lindsey Jimenez,bparker@example.org,2020-12-15 10:14:05,PREMIUM
94,John Carter,taylor21@example.net,2021-04-04 16:34:47,VIP
95,Tracy Mccoy,elizabethkelley@example.org,2021-02-18 06:39:08,REGULAR
96,Tyler Henderson,osmith@example.com,2020-07-16 17:40:29,REGULAR
97,Dr. Daniel Perkins PhD,mcgrathelizabeth@example.com,2021-02-15 17:19:05,PREMIUM
98,Jasmine Parker,halejulia@example.org,2020-03-29 23:59:33,REGULAR
99,Susan Hampton,nmcfarland@example.net,2022-10-03 14:47:08,PREMIUM
100,James Burns,egarcia@example.org,2022-09-23 21:42:00,VIP
101,Jared Harris,paulmartinez@example.org,2023-11-02 09:01:44,PREMIUM
102,Shawn Martinez,helen49@example.com,2026-04-20 10:12:45,PREMIUM
103,Brad Wright,cindy47@example.net,2020-08-25 23:49:11,PREMIUM
104,Robert Young,briantaylor@example.org,2024-03-07 22:18:27,VIP
105,Dale Hart,wyatt48@example.org,2024-02-05 18:45:15,VIP
106,Martha Wang PhD,brownsharon@example.net,2022-02-01 16:53:04,VIP
107,Dustin Thompson,steinmelvin@example.com,2021-12-27 19:59:33,VIP
108,Tracy Knight DDS,fsweeney@example.org,2025-10-25 08:55:06,VIP
109,Rachel Tran,ffowler@example.net,2025-04-24 01:35:34,PREMIUM
110,Tiffany Mcintyre,weeksgregory@example.net,2025-03-29 12:49:58,VIP
111,Eddie Mccann,tyronemcguire@example.net,2025-04-14 20:23:05,PREMIUM
112,Lisa Andersen,brownshawn@example.net,2022-11-04 05:37:59,REGULAR
113,Micheal Woods,csanchez@example.org,2022-11-28 02:26:54,PREMIUM
114,Kenneth King,charlesbell@example.org,2021-12-14 07:26:00,PREMIUM
115,Janice Harris DVM,scottsanders@example.org,2022-07-28 02:03:35,PREMIUM
116,Melissa Harris,phelpsdenise@example.net,2024-06-11 19:19:17,PREMIUM
117,Joshua Terry,hamiltontina@example.org,2026-03-24 16:06:53,VIP
118,Valerie Morris,yjohnson@example.org,2024-12-09 22:36:34,PREMIUM
119,Sean Mendez,ymcintyre@example.org,2024-02-15 05:20:47,VIP
120,Chris Boyer,jonathan24@example.org,2023-09-01 04:50:45,VIP
121,Charles Padilla,hjackson@example.net,2025-11-12 17:00:11,PREMIUM
122,Jason Jensen,eileenmiller@example.net,2026-04-07 10:57:20,PREMIUM
123,Ashley Lester,tiffany13@example.com,2020-10-08 10:53:30,PREMIUM
124,Joseph Patterson,robert63@example.com,2025-08-25 21:43:12,REGULAR
125,Kevin Stout,taguilar@example.com,2021-04-16 19:32:26,PREMIUM
126,Trevor Lowery MD,john93@example.org,2023-08-08 14:26:27,REGULAR
127,Brooke Pham DDS,guzmanjennifer@example.net,2023-12-28 02:12:57,VIP
128,Diana Rodriguez,sarahcox@example.org,2022-06-04 02:53:12,VIP
129,Brian Scott,elizabeth31@example.com,2024-10-03 14:19:31,VIP
130,Andrew Miller,christine23@example.com,2021-02-21 06:44:01,PREMIUM
131,Joshua Nichols,chavezgregory@example.org,2024-07-12 02:14:16,PREMIUM
132,Angela Williams DVM,blairnathan@example.org,2022-05-23 20:24:00,VIP
133,Joshua Arnold,ccox@example.net,2026-04-29 10:25:24,REGULAR
134,Claudia Maldonado,emckay@example.com,2021-02-08 21:21:39,VIP
135,Joshua Johnson,beth21@example.net,2025-02-05 16:51:15,REGULAR
136,Richard Wilson,nicholasturner@example.com,2020-08-12 16:07:47,REGULAR
137,Edwin Adams,cheryl78@example.net,2022-02-03 08:42:55,REGULAR
138,Mrs. Jessica Hill,patelbryan@example.com,2023-12-18 05:21:05,VIP
139,Jordan Davis,debra83@example.net,2022-10-10 05:43:13,PREMIUM
140,Dominique Warner,terriwatson@example.org,2020-12-31 22:15:31,REGULAR
141,Nicholas Graham,pbarnes@example.net,2021-03-07 07:35:30,REGULAR
142,Erin Herman,afarrell@example.org,2021-12-18 05:31:13,REGULAR
143,Jessica Ramirez,watsonbenjamin@example.net,2024-05-11 00:32:54,PREMIUM
144,Jennifer Mcconnell,dustin49@example.com,2024-02-10 00:16:05,REGULAR
145,Melissa May,alyssa94@example.net,2023-08-08 01:15:22,PREMIUM
146,Mr. Ronald Bowman Jr.,mtaylor@example.net,2021-06-17 17:48:47,PREMIUM
147,Ms. Rebecca Mitchell MD,christophertucker@example.net,2021-07-17 07:53:54,VIP
148,Richard Ortiz,kathryn67@example.com,2024-01-07 20:41:33,VIP
149,Annette Robertson,hopkinsmichael@example.org,2025-12-05 06:48:39,REGULAR
150,Robert Lambert,pereztara@example.net,2022-02-27 13:26:31,PREMIUM
151,Penny Wilson,tammy20@example.net,2023-01-08 22:56:44,VIP
152,Melissa Hess,kenneth14@example.net,2025-12-08 17:23:43,PREMIUM
153,Scott Schmidt,frederick83@example.org,2022-08-16 00:01:50,PREMIUM
154,Mrs. Krista Reese DDS,jmoses@example.com,2025-07-25 21:53:09,PREMIUM
155,Taylor Martin,upace@example.com,2022-01-25 06:32:17,PREMIUM
156,Joan Mayer,bowenbrian@example.com,2023-03-31 11:24:25,VIP
157,Lisa Nguyen,andrea14@example.com,2026-07-30 13:22:09,VIP
158,Daniel Smith,victoriacontreras@example.org,2025-03-05 05:29:43,REGULAR
159,Joseph Kaufman,amandadean@example.net,2020-03-11 13:14:14,VIP
160,Chelsea Hickman,kennedyallen@example.org,2025-05-09 21:51:35,VIP
161,Heather Stewart,idecker@example.com,2024-10-11 00:59:36,VIP
162,Paul Wood,robbinselizabeth@example.net,2023-12-21 15:09:37,REGULAR
163,Michele Kirby,tbrown@example.org,2022-05-15 14:47:27,PREMIUM
164,Timothy Guerra,hernandezrobert@example.net,2020-05-11 08:35:22,PREMIUM
165,Matthew Stephens,flynntiffany@example.org,2022-01-13 14:15:27,PREMIUM
166,Laura Jones,carolharvey@example.com,2021-08-16 18:53:26,VIP
167,Theodore Evans,cgonzalez@example.net,2024-03-04 00:56:55,REGULAR
169,Eric Williams,ibeard@example.net,2025-05-12 14:16:12,REGULAR
170,Jessica Francis,destiny82@example.net,2024-09-14 22:37:46,VIP
171,Robert Mora,smithlisa@example.net,2022-08-23 19:57:15,VIP
172,Teresa Randall,efarley@example.com,2020-04-01 06:26:56,VIP
173,Alexis Sharp,derrickhubbard@example.org,2022-05-14 10:17:01,REGULAR
174,Nicole Wright,lori36@example.net,2023-02-21 08:15:48,REGULAR
175,Tracy Sanders,vanessathompson@example.com,2020-12-14 21:07:10,REGULAR
176,Donna Reeves,markpierce@example.net,2023-03-17 04:00:38,VIP
177,Jennifer Williams,carla00@example.org,2023-07-07 07:30:54,REGULAR
178,David Ayers,diazkayla@example.net,2022-12-13 08:43:52,REGULAR
179,Ashley Wall,youngnicholas@example.com,2026-05-12 04:27:25,VIP
180,Misty Murillo,brandonbentley@example.net,2026-05-31 14:45:01,REGULAR
181,Amy Castillo,ejones@example.org,2026-03-05 00:14:51,PREMIUM
182,Austin Reed,drewallen@example.com,2025-09-30 13:06:38,REGULAR
183,Timothy Young,rbrown@example.com,2024-04-27 13:44:50,VIP
184,Eduardo Jones,wilsonwendy@example.net,2020-07-15 00:16:56,PREMIUM
185,Amy Rich,apeterson@example.com,2020-12-18 16:08:33,VIP
186,Eric Ward,melissa04@example.net,2026-08-05 19:11:05,REGULAR
187,Michelle Randall,robert71@example.com,2026-03-24 18:46:01,REGULAR
188,Natalie Duncan,perryemily@example.com,2022-09-07 03:08:34,VIP
189,Jay Boone,lpetty@example.net,2025-08-13 03:21:31,PREMIUM
190,Angela Harris,lewislisa@example.net,2026-05-08 09:40:00,PREMIUM
191,Julie Patton,hartchristopher@example.com,2020-11-20 22:54:50,VIP
192,Manuel Marshall,rogerskristopher@example.net,2022-10-31 17:47:28,PREMIUM
193,James Smith,rollinscorey@example.net,2025-03-04 18:21:49,REGULAR
194,Mindy Walsh,sethmckinney@example.com,2026-02-22 23:06:05,REGULAR
195,Michael Robinson,jasonarellano@example.net,2026-04-10 01:00:53,REGULAR
196,Michael Richardson,xcole@example.org,2022-12-06 09:18:56,VIP
197,Mary Davis,brianhernandez@example.org,2020-12-15 15:56:28,PREMIUM
198,Evan Rogers,jasminejenkins@example.org,2026-01-10 09:05:16,VIP
199,Marcus Wall,josephburke@example.org,2023-10-18 06:01:10,PREMIUM
200,Christine Hernandez,michaelwalters@example.org,2021-06-25 08:00:03,REGULAR
201,Edward Ortiz,wayne97@example.com,2024-06-27 03:20:19,REGULAR
202,Ian Duran,dustindavis@example.org,2020-04-13 13:42:40,VIP
203,Kyle Yu,tamara88@example.org,2024-02-26 07:10:56,REGULAR
204,Peter Spencer,singhpaige@example.com,2024-03-14 11:10:14,REGULAR
205,Vincent Robinson,bgreene@example.net,2022-03-11 09:54:10,REGULAR
206,Phillip Cunningham,fboyd@example.net,2020-04-27 13:57:23,REGULAR
207,Connie Stanley,sbolton@example.com,2021-07-15 18:53:45,REGULAR
208,Patrick Thompson,ann44@example.com,2024-02-22 23:46:53,VIP
209,Erica Duran,scottmichelle@example.org,2022-12-06 05:21:24,PREMIUM
210,Teresa Blackwell,russellkimberly@example.org,2023-02-17 19:21:36,PREMIUM
211,Matthew Moore,adampowell@example.net,2022-10-18 03:24:49,PREMIUM
212,Christina Clark,alexanderfleming@example.com,2025-12-28 22:20:41,REGULAR
213,Luke Manning,alicia29@example.com,2024-12-06 15:59:53,VIP
214,Kenneth Kelly,hayesdanny@example.com,2026-04-01 17:41:18,PREMIUM
215,Mr. Jeremy Weaver,amandarodriguez@example.net,2021-10-15 18:21:56,VIP
216,Shelia Davis,amyarmstrong@example.com,2025-09-28 13:30:07,VIP
217,Katherine Cook,kevin84@example.net,2024-04-13 13:02:39,VIP
218,James Curtis,uprice@example.com,2022-11-05 13:05:46,VIP
219,Brian Martinez,alisondavis@example.net,2026-03-10 01:55:14,PREMIUM
220,Amy Hayes,lho@example.net,2020-04-24 18:49:59,VIP
221,Tammy Greer,harnold@example.com,2021-03-13 21:59:50,PREMIUM
222,Stephanie Griffith,lyonsbenjamin@example.com,2022-01-24 00:31:41,PREMIUM
223,Megan Becker,zdillon@example.com,2023-06-24 23:31:01,PREMIUM
224,Alexander Kaiser,edwardkeller@example.com,2024-11-15 19:35:49,VIP
225,James Reese,jjohnson@example.net,2020-03-28 00:26:23,REGULAR
226,Jasmine Lawrence,lyncheric@example.net,2022-06-26 17:58:46,VIP
227,James Lee,vsanchez@example.com,2022-01-26 03:11:21,PREMIUM
228,Christopher Flowers,todd69@example.net,2025-12-28 10:13:09,VIP
229,Edward Jones,danielhardy@example.org,2024-04-12 05:12:54,PREMIUM
230,Nicole Gallagher,velliott@example.net,2020-12-26 03:53:44,REGULAR
231,Regina Maxwell,brownbrandon@example.org,2021-10-26 15:47:15,PREMIUM
232,Mike Fitzgerald,hillalexander@example.net,2024-06-15 07:35:09,REGULAR
233,Melissa Gutierrez,zcollins@example.net,2024-08-15 18:22:25,VIP
234,Dillon Peck,baldwinjennifer@example.org,2024-10-20 09:16:19,PREMIUM
235,Pamela Anderson,jacoblarsen@example.com,2021-11-01 12:59:54,REGULAR
236,Brandon Brown,gregory77@example.com,2026-03-16 07:11:47,VIP
237,Raymond Clark,jay73@example.com,2021-02-28 00:06:53,REGULAR
238,Keith Jordan,alexandramorales@example.net,2024-12-14 03:33:24,VIP
239,Christopher Jones,baxterhaley@example.org,2026-05-18 10:46:02,VIP
240,Scott Riley,hcollier@example.com,2025-07-31 16:28:16,VIP
241,Miranda Gross,nmejia@example.org,2022-03-26 14:45:29,REGULAR
242,Mrs. Angelica Lopez,kaitlynsmith@example.com,2025-08-10 17:21:30,REGULAR
243,Andrew Banks,sstrong@example.org,2025-08-25 16:43:13,PREMIUM
244,Jacob Sutton,russellchelsea@example.net,2022-08-31 16:49:10,REGULAR
245,Jennifer Brown,alvarezkevin@example.com,2023-04-10 23:55:44,PREMIUM
246,Daniel Kramer,diane98@example.net,2021-12-03 17:24:36,REGULAR
247,Raymond Reed,rivasdavid@example.org,2026-05-15 03:01:10,PREMIUM
248,Sue Anderson,jodybeck@example.org,2026-04-12 01:23:45,REGULAR
249,Wanda Hart,leegood@example.org,2022-06-05 13:23:46,VIP
250,Patrick Shepherd,nhenderson@example.com,2024-12-20 01:12:48,REGULAR
251,David Calhoun,johnmorris@example.com,2022-02-08 06:08:18,REGULAR
252,Nina Parker,alexvalencia@example.com,2024-08-14 07:10:31,VIP
253,Kari Wiley,geverett@example.com,2025-11-30 14:31:13,VIP
254,Jordan Guzman,steven16@example.org,2022-09-12 16:45:15,PREMIUM
255,Valerie Guerra,robert21@example.net,2023-04-12 02:41:12,PREMIUM
256,Mary Gaines,adam30@example.net,2026-01-30 15:33:58,PREMIUM
257,Rebecca Meza,rjennings@example.org,2023-12-10 20:09:47,VIP
258,Jose Barry,karen90@example.org,2021-06-20 12:56:58,VIP
259,Mark Odom,carrie10@example.org,2020-03-15 16:28:11,PREMIUM
260,Donald King,medinabeverly@example.org,2023-07-24 21:35:05,VIP
261,Tiffany Rogers,wrightpaul@example.net,2022-10-20 07:56:30,REGULAR
262,Heather Miller,zmaddox@example.com,2020-05-16 09:50:53,PREMIUM
263,James Bass,rebecca40@example.com,2026-08-05 03:10:57,PREMIUM
264,Caleb Hall,davidflores@example.com,2023-07-14 02:03:05,PREMIUM
265,Alan Perkins,turnerjacob@example.com,2026-04-19 15:53:55,VIP
266,Lisa Brown,vwebb@example.com,2026-01-24 14:50:29,PREMIUM
267,Drew Watson MD,jose00@example.org,2023-05-19 13:33:21,REGULAR
268,Jeremy Fritz,elizabeth59@example.net,2021-12-07 17:50:07,PREMIUM
269,Lynn West,cmayer@example.com,2020-08-02 04:46:46,REGULAR
270,Rebecca Hanson,shaun82@example.com,2026-02-23 20:04:06,PREMIUM
271,Amanda Nielsen,jross@example.net,2022-02-10 04:36:40,REGULAR
272,Melinda Ellis,matthewleon@example.org,2022-08-18 22:31:00,VIP
273,Kimberly Pugh,sarahprice@example.com,2025-10-02 02:36:47,VIP
274,Justin Torres,elizabeth68@example.com,2023-07-12 04:58:05,REGULAR
275,William Wiggins,codyharris@example.org,2021-01-23 20:45:13,VIP
276,Mrs. Valerie Ward,cruzrobert@example.com,2022-04-01 07:12:26,VIP
277,Corey Rodriguez,edwardslinda@example.org,2024-06-10 17:56:11,PREMIUM
278,James Hanna,amber19@example.org,2022-08-18 10:14:15,PREMIUM
279,Christine Gross,theresa94@example.net,2026-06-10 03:49:48,REGULAR
280,Bradley Jones,ksnyder@example.com,2021-05-27 20:16:09,REGULAR
281,Nicholas Montgomery,bethgomez@example.net,2024-07-18 07:38:43,VIP
282,Dana Coleman,cwilson@example.net,2020-06-01 01:58:46,REGULAR
283,Jessica Walker,brianna67@example.com,2022-08-05 01:17:00,VIP
284,Joshua Shepherd,andrewward@example.net,2021-09-22 09:56:16,PREMIUM
285,Harold Davis,david14@example.net,2021-06-26 22:33:53,VIP
286,Marissa Herrera,maldonadomarie@example.com,2025-12-24 10:32:30,PREMIUM
287,Shawn Ellis,joshua95@example.net,2022-12-04 07:10:11,VIP
288,Alex Sanchez,zyoung@example.net,2023-09-30 20:17:00,REGULAR
289,Stephen Johnson,matthewterry@example.net,2021-06-06 09:06:50,VIP
290,Tyler Rodriguez,dylan65@example.com,2021-01-28 04:58:37,PREMIUM
291,Lindsey Turner,jason73@example.org,2025-06-23 02:25:57,VIP
292,Eric Gonzalez,jameslee@example.net,2021-12-07 17:55:37,PREMIUM
293,Michael Powell,daltonanna@example.com,2021-01-21 04:32:07,REGULAR
294,Robert Pierce,lsummers@example.org,2025-03-19 00:25:35,PREMIUM
295,Dr. Brooke Gallegos,manuel48@example.net,2022-03-13 13:13:49,VIP
296,Danielle Neal,christopher56@example.org,2025-07-20 15:20:27,VIP
297,Kevin Carr,hendersonmarcus@example.net,2020-07-21 14:19:17,REGULAR
298,Jeremy Wilson,ujackson@example.net,2021-01-30 15:19:04,PREMIUM
299,Kelsey Holloway,cflores@example.net,2022-03-23 10:34:38,REGULAR
300,Erin Lee,brenda88@example.com,2020-08-30 01:19:53,REGULAR
301,Katherine Wong,ericgonzalez@example.com,2022-02-10 15:44:51,PREMIUM
302,Debra Moore,shawnmurray@example.net,2025-12-01 03:05:58,REGULAR
303,Jessica Garcia,ejordan@example.com,2023-03-22 01:52:21,PREMIUM
304,Michelle Taylor,emilycollins@example.net,2026-03-21 23:50:46,VIP
305,Amanda Brooks,jaredzamora@example.org,2024-12-30 11:02:14,VIP
306,Jennifer Holland,qarmstrong@example.net,2021-02-28 14:37:15,VIP
307,Maurice Miller,jamesclements@example.com,2026-07-23 21:35:49,REGULAR
308,Tara Johnson,mrodriguez@example.net,2020-03-01 23:36:17,PREMIUM
309,Marcus Williams,eharris@example.com,2025-02-04 23:15:59,VIP
310,Jennifer Peterson,wagnerrodney@example.org,2024-03-15 08:20:29,VIP
311,Alvin Walsh,iwhite@example.org,2025-05-05 02:38:01,VIP
312,Henry Peters,vvaldez@example.com,2023-04-18 06:33:05,REGULAR
313,Taylor Moreno,ecasey@example.org,2022-08-31 00:50:18,VIP
314,Charles Andrews,tasha84@example.org,2023-10-30 07:25:51,VIP
315,Lisa Cole,lawrencedustin@example.org,2025-03-10 22:27:51,PREMIUM
316,Steven Fowler,hreynolds@example.org,2024-08-04 08:16:47,REGULAR
317,Sandra James,owensmeghan@example.com,2022-01-11 09:56:42,VIP
318,Kevin Goodwin,kandrews@example.com,2025-05-01 05:58:55,VIP
319,Matthew Powell,candice91@example.org,2023-01-30 12:43:56,PREMIUM
320,Andrea Hughes,hartmichael@example.net,2024-01-03 02:04:56,PREMIUM
321,Veronica Rodgers,jjohnson@example.com,2024-01-18 03:06:34,REGULAR
322,Travis Miller,pennyperry@example.net,2020-10-03 04:26:44,VIP
323,Amanda Roberts,tonygordon@example.net,2022-11-01 01:36:40,PREMIUM
324,David Jones,timothysmith@example.net,2026-08-06 19:34:26,PREMIUM
325,Anthony Young,rrobinson@example.org,2021-06-18 06:46:41,VIP
326,Stacey Williams,fisherelizabeth@example.org,2021-07-28 09:06:37,REGULAR
328,Angela Hammond,amber19@example.com,2022-04-13 02:55:53,VIP
329,Holly Kennedy,castanedajeffrey@example.net,2022-12-26 08:52:54,PREMIUM
330,Nicholas Mercer,jacob43@example.net,2021-03-20 09:17:29,REGULAR
331,Jesse Moore,alejandrapadilla@example.com,2020-09-30 04:45:20,VIP
332,Dr. Susan Miller,chavezmark@example.net,2025-05-31 11:10:18,REGULAR
333,Noah Pratt,deborahwillis@example.com,2025-11-07 05:14:33,VIP
334,Joshua Riley,yjohnson@example.com,2020-05-09 02:42:55,VIP
335,Felicia Hansen,griffineddie@example.org,2021-09-21 22:46:48,VIP
336,Ashley Taylor MD,qmartin@example.org,2023-07-07 06:29:50,VIP
337,Stephanie Edwards,michael19@example.com,2021-01-31 15:48:13,REGULAR
338,Sandra King,anthonyhardin@example.org,2023-08-22 13:07:01,VIP
339,Randall Walters,marysingh@example.com,2021-03-05 12:32:27,PREMIUM
340,Kayla Carter,kimberlyguerra@example.net,2021-04-04 12:26:54,VIP
341,Andrea Scott,kellymichael@example.net,2023-01-22 08:34:59,PREMIUM
342,Alicia Castillo,codylee@example.org,2026-03-25 07:58:18,VIP
343,Virginia Harris,jennifer31@example.org,2024-03-18 17:26:49,VIP
344,Chad Russell,matthewwilson@example.net,2025-02-22 16:22:23,VIP
345,Tyler Francis,rachelnelson@example.org,2025-10-21 13:22:37,PREMIUM
346,Stephanie Ortiz,ndunn@example.org,2023-10-10 15:09:15,PREMIUM
347,Dana Turner,timothy44@example.com,2021-05-23 05:03:15,REGULAR
348,Carlos Singh,gclark@example.com,2026-01-13 07:53:43,PREMIUM
349,Melissa Thomas,vincentmccoy@example.net,2023-06-29 16:17:30,REGULAR
350,Anthony Mccoy,tararodriguez@example.com,2024-05-21 02:52:39,REGULAR
351,Jessica Reese,maria47@example.com,2024-01-02 16:26:49,REGULAR
352,Krista Pugh DVM,harrisalfred@example.org,2025-03-21 03:11:34,REGULAR
353,Kayla Williams,james88@example.com,2022-08-03 23:47:03,PREMIUM
354,Terri Wilson,morgandiana@example.net,2023-01-03 06:36:17,VIP
355,Miranda Sanders,lhall@example.net,2021-02-22 18:41:12,PREMIUM
356,Andrew Wells,jeromephillips@example.org,2024-05-05 16:07:59,PREMIUM
357,Joshua Nixon,lfields@example.com,2023-08-16 10:02:16,VIP
358,Zachary Martin,raymond06@example.com,2025-07-12 14:17:12,PREMIUM
359,Shawn Sanders,martindavid@example.net,2025-05-18 16:49:59,PREMIUM
360,John Jones,christinacarey@example.org,2025-08-17 01:02:52,VIP
361,Brittney Green,tonychandler@example.net,2025-02-11 22:22:19,VIP
362,Marcus Pratt,floreslisa@example.net,2021-05-22 18:54:13,VIP
363,Charles Smith,lynnmills@example.net,2022-04-02 04:00:56,PREMIUM
364,Jennifer Thompson,knightjoseph@example.org,2022-05-11 09:26:40,REGULAR
365,Scott Daniel,mendezthomas@example.org,2023-08-09 21:04:31,REGULAR
366,Karen Hill,dcummings@example.org,2026-07-24 22:45:04,VIP
367,Jessica Palmer,derrickjones@example.org,2022-01-03 18:01:21,REGULAR
368,Dana Fuller,murphykathleen@example.com,2022-05-24 19:44:12,PREMIUM
369,Brandon Sullivan,samuelhicks@example.net,2024-08-22 02:12:06,PREMIUM
370,Geoffrey Simmons,zgonzales@example.com,2024-06-23 23:33:44,VIP
371,Lauren Garcia,kbrowning@example.net,2021-12-23 08:03:59,REGULAR
372,Paul Dorsey,fletchercatherine@example.net,2020-12-28 12:06:29,PREMIUM
373,Mrs. Stephanie Nguyen MD,paulwalker@example.org,2022-12-10 08:28:03,PREMIUM
374,Willie Bailey,jessica75@example.com,2025-08-07 23:59:51,VIP
375,Heather Anderson,andersonjohn@example.com,2025-02-02 23:39:23,PREMIUM
376,Gloria Archer,brandy95@example.net,2026-01-03 14:33:06,VIP
377,Theresa Cooper,wsmith@example.com,2021-11-05 23:03:12,REGULAR
378,Katie Garrett,belljohn@example.com,2022-06-24 05:56:34,VIP
379,Anthony Lewis,shelbywilliams@example.com,2022-03-24 19:43:54,VIP
380,Dawn Warren,tracymartin@example.com,2024-06-08 21:31:16,VIP
381,Elizabeth Patton,brandonstephens@example.com,2025-01-08 15:43:07,REGULAR
382,Justin Gibson,ywilliams@example.com,2024-05-28 18:31:29,VIP
383,Lisa Miles,hodgessarah@example.net,2024-02-10 00:01:11,REGULAR
384,Daniel Brooks,bakermarisa@example.org,2020-05-07 17:24:49,VIP
385,Jason Morrow,aaron94@example.net,2023-11-03 19:47:34,REGULAR
386,Jonathan Vazquez,ygray@example.org,2023-07-18 15:57:50,REGULAR
387,Amber Carter,jsmith@example.org,2021-01-10 13:29:37,VIP
388,Evan Garcia,jacksonangela@example.com,2024-03-15 04:40:41,REGULAR
389,Christopher Rivera,douglas55@example.org,2022-03-25 00:42:44,PREMIUM
390,Jeffrey Gonzalez,emily24@example.net,2023-06-16 00:15:06,VIP
391,Eddie Garcia,schase@example.org,2023-07-20 18:54:58,VIP
392,Michael Page,stephanie70@example.org,2024-11-27 02:44:09,REGULAR
393,Kristin Barton,tammy55@example.org,2023-10-27 09:17:37,REGULAR
394,Melissa Valencia,jeffsantana@example.com,2020-02-28 01:00:19,VIP
395,Jamie Morales,kimward@example.org,2022-02-03 04:18:08,REGULAR
396,Christopher Lambert,hannahharris@example.org,2025-03-20 09:06:17,PREMIUM
397,Jonathon Andrews,christine93@example.net,2026-07-16 19:52:42,REGULAR
398,Justin Peck,portega@example.com,2026-02-21 14:08:38,VIP
399,Barbara Woodard,morakevin@example.com,2021-12-04 12:09:56,PREMIUM
400,Megan Smith,nicholasjohnson@example.org,2024-08-16 03:59:59,VIP
401,David Gray,kross@example.com,2021-02-03 04:13:38,PREMIUM
402,Jesse Rodgers,nwagner@example.com,2025-11-26 22:29:47,PREMIUM
403,Taylor Sanchez,timothy43@example.org,2021-12-21 02:37:48,REGULAR
404,Joseph Reeves,manuelhughes@example.com,2023-08-29 01:07:38,VIP
405,Brett Dyer,taylorkim@example.org,2026-01-30 04:51:31,PREMIUM
406,Amber Mckinney,lfisher@example.com,2025-05-29 17:28:52,VIP
407,Victoria Smith,davidcooper@example.net,2026-04-27 20:12:02,REGULAR
408,Kaitlyn Warren,msantiago@example.com,2024-01-07 14:58:24,VIP
409,Brian Deleon,timothy37@example.com,2024-09-19 04:36:44,REGULAR
410,Stacy Jimenez,wilsontiffany@example.com,2020-05-11 05:17:56,PREMIUM
411,Sarah Baker,amy74@example.com,2020-04-01 20:28:30,REGULAR
412,Tiffany Lynch,nelsonheather@example.net,2023-09-30 08:58:06,VIP
413,Veronica Webb,rachel84@example.net,2020-05-01 17:50:43,VIP
414,Grant Shannon,beverly31@example.com,2024-11-28 19:52:06,VIP
415,Nicholas Foster,eriklin@example.org,2020-11-09 14:26:05,VIP
416,Alexis Gonzalez,rebeccajohnson@example.net,2026-02-04 19:40:27,PREMIUM
417,Teresa Douglas,dwilson@example.net,2021-08-18 11:41:43,PREMIUM
418,Alisha Palmer,janice49@example.net,2021-04-14 14:00:02,PREMIUM
419,Kimberly Harris,vbarnett@example.org,2022-07-07 00:56:36,VIP
420,Steven Boyd,njohnston@example.com,2023-05-23 17:54:35,VIP
421,Jason Williams,kingleah@example.net,2024-06-10 13:09:27,PREMIUM
422,Chelsey Tucker,daymichael@example.org,2020-09-10 01:52:25,REGULAR
423,Jeffrey Reynolds,robert81@example.org,2026-02-08 11:51:09,PREMIUM
424,April York,stephanieparsons@example.net,2024-03-30 11:41:23,REGULAR
425,Michael Watson,williamevans@example.net,2024-08-20 04:26:07,VIP
426,Cody Myers,katherine72@example.net,2023-07-14 21:12:20,VIP
427,Kim Lewis,qhicks@example.net,2020-08-11 00:44:07,VIP
428,Andrea Washington,williamsadam@example.net,2020-03-16 23:53:16,PREMIUM
429,Christopher Chavez,ashleycoleman@example.net,2023-08-17 02:07:22,PREMIUM
430,Karen Miller,patriciadixon@example.net,2023-08-21 11:29:00,VIP
431,Caleb Bonilla,shannonpaul@example.net,2023-11-08 20:31:21,REGULAR
432,Angel Bishop,brandon74@example.com,2024-09-21 21:09:19,PREMIUM
433,Joshua Patton,ythompson@example.com,2025-12-10 12:21:46,PREMIUM
434,Kimberly Lowe,davidburke@example.net,2022-01-15 14:04:14,REGULAR
435,Catherine Burch,christian12@example.org,2024-08-17 05:15:43,VIP
436,Angela Lara,stephanie83@example.org,2025-10-10 19:01:38,PREMIUM
437,Dustin Lee,wandawilliams@example.org,2026-04-21 22:21:16,REGULAR
439,Mark Chavez,keith66@example.org,2022-09-18 11:17:20,VIP
440,Charles Sullivan,silvaedward@example.net,2024-07-29 22:13:46,PREMIUM
441,Melissa Cole,oroberts@example.com,2020-01-05 18:14:19,REGULAR
442,Mark Prince,tony28@example.org,2021-12-07 16:16:27,VIP
443,Amanda Brooks,woodsteven@example.org,2020-02-14 17:48:25,REGULAR
444,Karen Boyd,mdavis@example.net,2025-01-01 02:45:47,PREMIUM
445,Patrick Black,gwhite@example.net,2026-03-11 08:47:14,REGULAR
446,Diane Johnson,michaelrussell@example.org,2021-05-26 05:19:16,PREMIUM
447,Christian Moreno,kochcaitlin@example.com,2025-06-08 21:55:25,VIP
448,Deborah Carter,ochen@example.net,2020-02-15 23:15:11,PREMIUM
449,Luis Christensen,owensparker@example.net,2026-08-02 04:47:17,PREMIUM
450,Vincent Simmons,monica79@example.com,2024-08-15 06:32:01,VIP
451,Taylor Smith,steven90@example.net,2021-01-11 09:10:46,PREMIUM
452,Samantha Wong,dshaffer@example.org,2021-01-12 00:11:06,VIP
453,Brian Andrews,mcdowelldavid@example.net,2023-01-30 00:47:43,PREMIUM
454,Sarah Alvarado,ngalloway@example.net,2020-03-15 19:51:10,VIP
455,Jeremy Abbott,bavila@example.com,2023-07-17 10:16:38,REGULAR
456,Bryan Decker,victorfisher@example.com,2022-11-17 22:12:10,REGULAR
457,Brenda Morales,alan27@example.org,2025-05-19 21:36:13,PREMIUM
458,Kerry Wallace,mcmillaneddie@example.net,2025-01-14 06:55:39,VIP
459,Jacob Conway,santiagosusan@example.com,2025-07-28 01:51:42,PREMIUM
460,Jamie Martinez,chadmahoney@example.com,2023-07-06 10:29:45,REGULAR
461,Sarah Martin,lking@example.net,2025-04-27 12:35:03,REGULAR
462,Madison Scott,bwright@example.net,2023-10-26 05:22:45,REGULAR
463,Janice Summers,mandy37@example.net,2021-09-10 18:48:01,PREMIUM
464,Jennifer York,sharonwebb@example.com,2024-06-17 07:17:22,REGULAR
465,Chad Dawson,qrobbins@example.com,2021-11-09 02:06:01,REGULAR
466,Erik James,michael96@example.net,2023-11-01 05:51:36,REGULAR
467,Lisa Bass,andrewrich@example.org,2024-05-01 17:14:56,REGULAR
468,Mr. Cody Robinson,jennifer38@example.com,2022-04-26 06:49:41,REGULAR
469,Travis Walter,david40@example.net,2023-08-27 21:04:13,PREMIUM
470,Brandon Thompson,antonio82@example.com,2025-09-26 15:18:27,VIP
471,Tammy Lawrence,schristensen@example.com,2023-04-03 05:28:03,REGULAR
472,Melissa Barnes,qsanchez@example.com,2026-07-13 22:12:32,VIP
473,Laurie Nelson,trevorwyatt@example.com,2020-08-11 17:05:24,PREMIUM
474,Angel Baldwin,markmcdonald@example.com,2023-09-22 07:42:21,PREMIUM
475,Gabriel Mendoza,jonesamanda@example.net,2020-08-10 17:00:26,PREMIUM
476,Aaron Reyes,lthomas@example.org,2021-12-13 07:16:58,VIP
477,Olivia Williamson,richard75@example.net,2023-05-27 04:58:09,REGULAR
478,Bryan Cantu,areed@example.net,2022-06-17 01:44:50,REGULAR
479,Mr. Sean Allen,melissawatkins@example.org,2021-02-02 15:48:09,PREMIUM
480,Ross Porter,brianpeters@example.com,2023-06-14 12:24:31,REGULAR
481,Alyssa Ray,latoyasmith@example.net,2022-10-05 17:50:42,PREMIUM
482,Toni Morgan,iromero@example.com,2021-05-21 22:11:28,REGULAR
483,Kathleen Watts,mitchellcrawford@example.net,2026-01-27 17:31:48,PREMIUM
484,Anthony Gomez,bakerfrank@example.org,2020-01-22 20:22:47,VIP
485,Joyce King,dbrewer@example.org,2020-08-21 01:28:08,PREMIUM
486,Barbara Russell,kristenlee@example.org,2021-01-10 19:31:16,PREMIUM
487,Laura Simmons,dylanjohnson@example.net,2022-08-09 01:31:19,VIP
488,Justin Smith,cparks@example.com,2022-06-28 17:12:22,PREMIUM
489,Kimberly Soto,amyschmitt@example.org,2021-04-12 08:34:17,REGULAR
490,Carly Blair,masoncindy@example.com,2024-05-06 10:33:57,PREMIUM
491,Marilyn Horton,william71@example.com,2021-06-30 13:24:43,VIP
492,Taylor Moore,julie61@example.org,2024-09-15 16:22:09,PREMIUM
493,Sandra Robinson,hannahmorris@example.com,2023-03-18 01:06:48,REGULAR
494,Tanya Romero,david36@example.net,2025-06-05 09:35:44,VIP
495,Roberto Rivera,wmoran@example.net,2023-01-26 12:41:58,REGULAR
496,Trevor Smith,qalexander@example.net,2023-11-02 11:55:52,PREMIUM
497,Devin Pratt,stephanie91@example.org,2025-04-29 23:13:10,VIP
498,Charles Fox,ocox@example.net,2022-11-15 22:33:55,VIP
499,Mr. Brian Monroe,ravenbrown@example.org,2025-08-28 10:41:37,VIP
500,Diana Duran,dgibbs@example.net,2023-07-11 22:13:28,REGULAR
